,material,target,title
0,Nylon,0,Women Travel Insert Handbag Organizer Purse Large Liner Organizer Tidy Bag New
1,Nylon,0,Unisex Waist Bag Mens Fanny Pack Fashion Camping Waist Pouch Sport Shoulder Bag
2,Nylon,0,Unisex Waist Bag Mens Fanny Pack Fashion Camping Waist Pouch Sport Shoulder Bag
3,Nylon,0,Women Lady Travel Insert Handbag Organiser Purse Large Liner Organizer Tidy Bag
4,Nylon,0,Women Travel Handbag Organizer Shoulder Purse Bags Storage Bag Large Messenger
5,Nylon,0,Women Lady Travel Insert Handbag Organiser Purse Large Liner Organizer Tidy Bag
6,Nylon,0,Women Lady Travel Insert Handbag Organiser Purse Large Liner Organizer Tidy Bag
7,Nylon,0,Women Lady Travel Insert Handbag Organiser Purse Large Liner Organizer Tidy Bag
8,Nylon,0,Makeup Cosmetic Bag Travel Case Toiletry Beauty Organizer Zipper Holder Handbag
9,Nylon,0,Mens&Women Canvas Messenger Bag Unisex Big Sport Shoulder Waist Crossbody Bag
10,Nylon,0,Unisex Canvas Messenger Bag Mens&Women Big Sport Shoulder Waist Crossbody Bag
11,Nylon,0,2018 Mini Women Backpack Purse Nylon Small Backpack Shoulder Rucksack Bag Travel
12,Nylon,0,Women Lady Travel Insert Handbag Organiser Purse Large Liner Organizer Tidy Bag
13,Nylon,0,Women Waterproof Nylon Shoulder Bags Messenger Bag Large Capacity Crossbody Bags
14,Nylon,0,Women Mini Handbag Purse Strap Wallet Pouch Cell Phone Cross Body Shoulder Bag
15,Nylon,0,Men Women Nylon Sling Bag Backpack Crossbody Shoulder Chest Cycle Daily Travel
16,Nylon,0,Men Women Nylon Crossbody Shoulder Chest Cycle Sling Bag Daily Travel Backpack
17,Nylon,0,Anti-theft Mens USB with Charger Port Backpack Laptop Notebook Travel School Bag
18,Nylon,0,Men Women Travel Backpack Molle Tactical Sling Chest Bag Crossbody Shoulder Bag
19,Nylon,0,Women Waterproof Nylon Shoulder Bags Messenger Bag Large Capacity Crossbody Bags
20,Nylon,0,Clear Tote Bag Transparent Purse Secure Closure Handbag NFL Stadium Approved
21,Nylon,0,Red Travelon RFID Anti Theft Crossbody Travel Shoulder Secure Bag Purse.
22,Nylon,0,Men Women Travel Backpack Molle Tactical Sling Chest Bag Crossbody Shoulder Bag
23,Nylon,0,Men Women Travel Backpack Molle Tactical Sling Chest Bag Crossbody Shoulder Bag
24,Nylon,0,Fanny Pack Festival Outdoor Travel Crossbody Hip Bag Waist Pack (80's Style)
25,Nylon,0,Women Waterproof Messenger Bag Nylon Shoulder Bags Large Capacity Crossbody Bags
26,Nylon,0,Women Men Waist Fanny Pack Belt Bag Phone Pouch Travel Gym Hip Purse Wallet US
27,Nylon,0,Women's Satchel Shoulder Bag Tote Messenger Cross Body Waterproof Canvas Handbag
28,Nylon,0,New Women Leather Messenger Cross Body Handbag Ladies Satchel Shoulder Bag Purse
29,Nylon,0,Nylon Travel Sports Shoulder Backpack Hiking Waterproof USB Laptop School Bag
30,Nylon,0,Fashion Women Black Small Backpack Travel Oxford Cloth Handbag Shoulder Bag
31,Nylon,0,Men Women Nylon Crossbody Shoulder Chest Cycle Sling Bag Daily Travel Backpack
32,Nylon,0,Women Waterproof Messenger Bag Nylon Shoulder Bags Large Capacity Crossbody Bags
33,Nylon,0,Men Women Travel Backpack Molle Tactical Sling Chest Bag Crossbody Shoulder Bag
34,Nylon,0,Tactical Military Mens Thigh Drop Leg Bag Fanny Pack Waist Belt Pouch D
35,Nylon,0,Women Mini Backpack Nylon Shoulder School Travel Bag Small Casual Rucksack Tote
36,Nylon,0,Women Waterproof Messenger Bag Nylon Shoulder Bags Large Capacity Crossbody Bags
37,Nylon,0,Lululemom Black Crossbody Festival Nylon Bag
38,Nylon,0,Large Womens Student Fashion Shoulder Handbag Backpack Totes Bag Satchel Purse
39,Nylon,0,Unisex Waist Bag Mens Fanny Pack Fashion Camping Waist Pouch Sport Shoulder Bag
40,Nylon,0,Fanny Pack Festival Outdoor Travel Crossbody Hip Bag Waist Pack (80's Style)
41,Nylon,0,Fanny Pack Festival Outdoor Travel Crossbody Hip Bag Waist Pack (80's Style)
42,Nylon,0,5PCS Waterproof Clothes Travel Storage Bags Packing Cube Luggage Organizer Pouch
43,Nylon,0,Fanny Pack Festival Outdoor Travel Crossbody Hip Bag Waist Pack (80's Style)
44,Nylon,0,Fanny Pack Festival Outdoor Travel Crossbody Hip Bag Waist Pack (80's Style)
45,Nylon,0,Casual Purses and Shoulder Handbags for Women Nylon Crossbody Bag Messenger Bags
46,Nylon,0,CLEAR TOTE BAG Large Transparent Purse Strong Zippered Closure Shoulder Straps
47,Nylon,0,Unisex Waist Bag Mens Fanny Pack Fashion Camping Waist Pouch Sport Shoulder Bag
48,Nylon,0,Mens Tactical Military Crossbody Shoulder Bag Chest Pack Camping Hiking Backpack
49,Nylon,0,Women Lady Travel Insert Handbag Organiser Purse Large Liner Organizer Tidy Bag
50,Nylon,0,Unisex Canvas Messenger Bag Mens&Women Big Sport Shoulder Waist Crossbody Bag
51,Nylon,0,Fanny Pack Festival Outdoor Travel Crossbody Hip Bag Waist Pack (80's Style)
52,Nylon,0,Fanny Pack Festival Outdoor Travel Crossbody Hip Bag Waist Pack (80's Style)
53,Nylon,0,Rebecca Minkoff Jude Diaper Bag Crossbody
54,Nylon,0,Women Travel Insert Handbag Organizer Purse Large Liner Organizer Tidy Bag New
55,Nylon,0,Unisex Waist Bag Mens Fanny Pack Fashion Camping Waist Pouch Sport Shoulder Bag
56,Nylon,0,Women Lady Travel Insert Handbag Organiser Purse Large Liner Organizer Tidy Bag
57,Nylon,0,Women Travel Handbag Organizer Shoulder Purse Bags Storage Bag Large Messenger
58,Nylon,0,Mens&Women Canvas Messenger Bag Unisex Big Sport Shoulder Waist Crossbody Bag
59,Nylon,0,Women Travel Insert Makeup Handbag Organiser Purse Organizer Tidy Bag
60,Nylon,0,Women Waterproof Nylon Shoulder Bags Messenger Bag Large Capacity Crossbody Bags
61,Nylon,0,2018 Mini Women Backpack Purse Nylon Small Backpack Shoulder Rucksack Bag Travel
62,Nylon,0,Women Mini Handbag Purse Strap Wallet Pouch Cell Phone Cross Body Shoulder Bag
63,Nylon,0,Men Women Nylon Crossbody Shoulder Chest Cycle Sling Bag Daily Travel Backpack
64,Nylon,0,Men Women Nylon Sling Bag Backpack Crossbody Shoulder Chest Cycle Daily Travel
65,Nylon,0,Men Women Travel Backpack Molle Tactical Sling Chest Bag Crossbody Shoulder Bag
66,Nylon,0,Women Lady Travel Insert Handbag Organiser Purse Large Liner Organizer Tidy Bag
67,Nylon,0,Women Waterproof Nylon Shoulder Bags Messenger Bag Large Capacity Crossbody Bags
68,Nylon,0,Women Waterproof Messenger Bag Nylon Shoulder Bags Large Capacity Crossbody Bags
69,Nylon,0,New Women Leather Messenger Cross Body Handbag Ladies Satchel Shoulder Bag Purse
70,Nylon,0,Women Men Waist Fanny Pack Belt Bag Phone Pouch Travel Gym Hip Purse Wallet US
71,Nylon,0,Men Women Nylon Crossbody Shoulder Chest Cycle Sling Bag Daily Travel Backpack
72,Nylon,0,Nylon Travel Sports Shoulder Backpack Hiking Waterproof USB Laptop School Bag
73,Nylon,0,Large Womens Student Fashion Shoulder Handbag Backpack Totes Bag Satchel Purse
74,Nylon,0,5PCS Waterproof Clothes Travel Storage Bags Packing Cube Luggage Organizer Pouch
75,Nylon,0,Tactical Military Mens Thigh Drop Leg Bag Fanny Pack Waist Belt Pouch D
76,Nylon,0,Men Women Nylon Crossbody Shoulder Chest Cycle Sling Bag Daily Travel Backpack
77,Nylon,0,Women Travel Insert Handbag Organizer Purse Large Liner Organizer Tidy Bag New
78,Nylon,0,Women Travel Insert Handbag Organizer Purse Large Liner Organizer Tidy Bag New
79,Nylon,0,Unisex Waist Bag Mens Fanny Pack Fashion Camping Waist Pouch Sport Shoulder Bag
80,Nylon,0,Unisex Waist Bag Mens Fanny Pack Fashion Camping Waist Pouch Sport Shoulder Bag
81,Nylon,0,Unisex Canvas Messenger Bag Mens&Women Big Sport Shoulder Waist Crossbody Bag
82,Nylon,0,Women Travel Insert Handbag Organizer Purse Large Liner Organizer Tidy Bag New
83,Nylon,0,Women Lady Travel Insert Handbag Organiser Purse Large Liner Organizer Tidy Bag
84,Nylon,0,Women Lady Travel Insert Handbag Organiser Purse Large Liner Organizer Tidy Bag
85,Nylon,0,Women Travel Handbag Organizer Shoulder Purse Bags Storage Bag Large Messenger
86,Nylon,0,Women Travel Handbag Organizer Shoulder Purse Bags Storage Bag Large Messenger
87,Nylon,0,Women Lady Travel Insert Handbag Organiser Purse Large Liner Organizer Tidy Bag
88,Nylon,0,Women Lady Travel Insert Handbag Organiser Purse Large Liner Organizer Tidy Bag
89,Nylon,0,Mens&Women Canvas Messenger Bag Unisex Big Sport Shoulder Waist Crossbody Bag
90,Nylon,0,Makeup Cosmetic Bag Travel Case Toiletry Beauty Organizer Zipper Holder Handbag
91,Nylon,0,Makeup Cosmetic Bag Travel Case Toiletry Beauty Organizer Zipper Holder Handbag
92,Nylon,0,Mens&Women Canvas Messenger Bag Unisex Big Sport Shoulder Waist Crossbody Bag
93,Nylon,0,Women Waterproof Nylon Shoulder Bags Messenger Bag Large Capacity Crossbody Bags
94,Nylon,0,Unisex Canvas Messenger Bag Mens&Women Big Sport Shoulder Waist Crossbody Bag
95,Nylon,0,Makeup Cosmetic Bag Travel Case Toiletry Beauty Organizer Zipper Holder Handbag
96,Nylon,0,Mens&Women Canvas Messenger Bag Unisex Big Sport Shoulder Waist Crossbody Bag
97,Nylon,0,Women Travel Handbag Organizer Shoulder Purse Bags Storage Bag Large Messenger
98,Nylon,0,Women Lady Travel Insert Handbag Organiser Purse Large Liner Organizer Tidy Bag
99,Nylon,0,Mens&Women Canvas Messenger Bag Unisex Big Sport Shoulder Waist Crossbody Bag
100,Resin,0,Womens Beaded Bag Handbag Tote Crystal Bag Funcy Fruit Weave Acrylic Clutch Bag
101,Resin,0,Dasein 2pcs Women Handbags Faux Leather Satchel Tote Shoulder Bag Day Purses
102,Resin,0,TORY BURCH Brody Tote Handbag Shoulder Bag Pebbled Leather BLACK (49122)
103,Resin,0,New Tory Burch BRODY perry Black Pebbled Leather Large Tote Shopping Bag 49122
104,Resin,0,Nine West NEW Cashmere Pink Satin Ruffle Clutch Crossbody Bag Purse $69- #062
105,Resin,0,Aspects Snake Women's Bag Purse Clutch Multicolor.
106,Resin,0,Vtg Box Purse Wooden Resin Brass Shoulder Bag Clutch Unique Unusual Boho
107,Resin,0,NWT TORY BURCH BRODY BLACK LEATHER LARGE SATCHEL TOTE SHOULDER BAG PURSE
108,Resin,0,Kate Spade Magnolia Bakery Cupcake Clutch Purse Bag NWT
109,Resin,0,NEW - Kate Spade Creme de La Creme Dipped Strawberry Clutch Shoulder Bag
110,Resin,0,Girls Silver Plated Clip on Daisy / Sunflower Earrings Children Party Bags Gifts
111,Resin,0,"Optari Sol Tote, Durable Waterproof Bag for Beach Pool Garden - Blue, Large"
112,Resin,0,Maya Evangelista Handmade Resin Purse Evening Bag Clutch
113,Resin,0,Vintage Purple Liz Claiborne Shoulder Bag Purse Canvass Floral Embellishments
114,Resin,0,Lana Marks Jet Black Crocodile Skin Tortoise Resin Top Handle Tote Bag Handbag
115,Resin,0,"NEW TORY BURCH  BRODY TOTE BAG, BLACK/BEIGE"
116,Resin,0,Vtg Maya Evangelista Resin clutch evening bag Embellished Cross body Art Nouveau
117,Resin,0,Maya Evangelista Clutch Bag Amber Resin Swans Detachable Chain Strap Dust Bag
118,Resin,0,Maya Evangelista Resin Purse Bag Crossbody Clutch Vintage Retro Bead Chain Art
119,Resin,0,Italian Red Gold tone Hard Case Cross body Bag/Shoulder Bag/Handbag
120,Resin,0,BLACK SILVER RESIN ROCKET SHIP MINAUDIERE BAG
121,Resin,0,"clutch bag, Woman Clutch, Sparkling, Blue, Blue/gold"
122,Resin,0,90'S Artist MAYA EVANGELISTA Resin BAG Shoulder Clutch Purse W Beaded Strap
123,Resin,0,Anthropologie BHLDN Vicki Mother of Pearl Resin Clutch Evening Bag by Jardin NEW
124,Resin,0,Lilly Bloom Floral Fiesta print Purse Bag brand new shoulder handbag
125,Resin,0,NWOT Kate Spade MAGNOLIA BAKERY Cupcake Bag Miniaudiere Collector's Item YUMMY!
126,Resin,0,NWT Coach Mini Bennett Purse Gold Bag Charm Keychain Key Ring Fob F35134
127,Resin,0,"NWT- MAYA EVANGELISTA Clutch Handbag Amber Resin, Stone & Bead Strap Dust Bag"
128,Resin,0,MAYA EVANGELISTA Ivory Sculpted Resin Beaded Strap Shoulder Bag Clutch RARE
129,Resin,0,Kate Landry NWOT Evening Bag
130,Resin,0,NWT Kate Spade Far From the Tree Pink Apple Clutch Shoulder Bag
131,Resin,0,"RARE! KATE SPADE NEW YORK ""MAGNOLIA ST."" CUPCAKE CLUTCH/ SHOULDER BAG, NWT"
132,Resin,0,women's evening bag resin black fabric 10 x 4in very cool unique clutch or strap
133,Resin,0,Steve Madden Beaded Velvet Mini Bucket Drawstring Bag Purse Wine MSRP $98
134,Resin,0,New Kate Spade Cami Cedar Street Mini Crossbody Bag Navy Blue Black Clutch Purse
135,Resin,0,Nightflyers Fairy Messenger Bag
136,Resin,0,Ivory And Turtle Brown Resin Shoulder /clutch Bag $165
137,Resin,0,New MICHAEL Kors Barbara Medium Envelope Glitter Silver Clutch Evening Bag Purse
138,Resin,0,NWT Tory Burch BRODY Pebbled Leather Tote Shoulder Bag Black 49122 $395
139,Resin,0,Tassels Indian Metal Clutch Handmade Bag Purse Ethnic Boho Bohemian Handcrafted
140,Resin,0,Gorgeous  Ted Baker Bow Glitter Resin Gunmetal Clutch Bag Handbag
141,Resin,0,Argyle Mosaic Pattern Small Zip Makeup Travel Cosmetics Case Bag Purse-NWOT
142,Resin,0,Kate Spade New York Down The Rabbit Hole Oops A Daisy Zipper Tote Bag Handbag
143,Resin,0,Tosca Blu Women Black Zippered Cosmetic  Bag Purse  Made in Italy
144,Resin,0,"$348 NWOT KATE SPADE WEDDING BELLES CARLENE CLUTCH BAG, RIBBON, I+U=‚ù§Ô∏é"
145,Resin,0,NWT Kate Spade Wedding Belles Carlene Heart Valentine Clutch Pink Resin Bag Love
146,Resin,0,LAUREN RALPH LAUREN PORTWOOD CHOCOLATE FIELD BROWN WOVEN LEATHER TOTE BAG
147,Resin,0,Maya Evangelista Clutch Bag Ivory Resin Swans Detachable Chain Strap Dust Bag
148,Resin,0,NINA RICCI Black Fabric Resin Handle Shoulder Bag
149,Resin,0,Crochet Hand Made Yellow Wooden Beaded Handle Casual bag Lined
150,Resin,0,NWT Kate Spade Creme De La Creme Dipped Strawberry Clutch Bag~Limited Edition
151,Resin,0,Maya Designer Gold Clutch Bag With Dust Bag Free Shipping
152,Resin,0,Chanel Black Resin Handle Grey Calfskin Leather Large Shopping Tote Shoulder Bag
153,Resin,0,Chanel Navy Blue Planet Resin Chrome Strauss Minaudier Bag 2017 Runway Evening
154,Resin,0,Bottega Veneta Brown Tobacco Suede Laser Cut Butterfly Double Handle Pouch Bag
155,Resin,0,Kate Spade Natural/ Black Heritage Spade Logo Tote Shoulder Bag Purse
156,Resin,0,Valentines Gift Authentic COACH Purse Gold Keychain Bag Charm F35134
157,Resin,0,BRIGHTON ABUNDANCE Moonlight Steel Pouch Handbag Purse Bag Nwtag w Pouch
158,Resin,0,Angela Frascone *Pin-Up Girl* Purse Shoulder Bag or Tote Resin
159,Resin,0,New $325 MCL Matthew Campbell Laurenza Flap Bag Clutch Handbag Resin Paisley MCM
160,Resin,0,Womens Beaded Bag Handbag Tote Crystal Bag Funcy Fruit Weave Acrylic Clutch Bag
161,Resin,0,Tassels Indian Metal Clutch Handmade Bag Purse Ethnic Boho Bohemian Handcrafted
162,Resin,0,Sandra Roberts Resin Clutch Shoulder Or Cross Body Hand Bag
163,Resin,0,Exclusive Chanel Camera üé• Bag. Chanel Bag
164,Resin,0,Chanel Resin Modern Chain Flap Bag Lambskin Medium
165,Resin,0,MAYA EVANGELISTA Dragonfly Novelty Shoulder Bag CLAMSHELL Style Beaded Chain
166,Resin,0,NWT Kate Spade Breath Of Fresh Air Sparkling Lime Wedge Handbag Clutch Purse Bag
167,Resin,0,ROMANTIC PINK SILVER RESIN ROCKET SHIP MINAUDIERE BAG
168,Resin,0,NWT Dooney & Bourke Small Grace Swingpack Crossbody Bag HJ089 Brown T'moro NEW
169,Resin,0,Coach New York Resin Studded Border Camera Bag in Gold Chalk
170,Resin,0,Perfect Image NY Jelly multi-color metallic glitter sparkle satchel bag small NW
171,Resin,0,VINTAGE RED ASPECTS SNAKE PURSE SHOULDER BAG CLUTCH MADE IN HONG KONG
172,Resin,0,NWT Coach Mini Bennett Purse Acrylic Red Gold Bag Charm Keychain F41412
173,Resin,0,NWT Chanel RUNWAY Metiers Resin Perfume Shoulder Bag Clutch
174,Resin,0,Maya Amethyst Amber Resin Collectibles Handcrafted Small Shoulder Bag
175,Resin,0,NWT Coach RESIN Sig.Heart Bag Charm/ KeyFob 32230 GIFT WRAP GOLD/BRIGHT RED
176,Resin,0,handmade boho hippie gypsy festival fringe purse bag faux fur belly dancer
177,Resin,0,$825 Tory Burch Women RESIN Minaudiere clutch jet set PURSE SHOULDER BAG HANDBAG
178,Resin,0,St Xavier Mosaic Tile Bag NWT Black White Gold Sold Out!!! Original Price $130
179,Resin,0,KATE SPADE EXTRA LARGE SCALLOPED OOPS A DAISEY LEATHER TOTE/BAG DOWN THE RABBIT
180,Resin,0,Portmeirion Pomona RoomyTote Bag (sits open) Cotton / PVC Coated-Lined NWT Rare!
181,Resin,0,Kate Spade Breath of Fresh Air Jeweled Lime Slice Clutch Bag
182,Resin,0,Auth Chanel Planet Shaped Black Resin Strass Bag Fall 2017 Runway Collection
183,Resin,0,Vintage Art Deco style solid  evening bag with long chain shoulder strap
184,Resin,0,NWT Kate Spade Via Limoni Lina Sparkling Lemon Wedge Handbag Clutch Purse Bag
185,Resin,0,MAYA EVANGELISTA CREME RESIN SHOULDER/CROSSBODY BAG WITH BEADED AND METAL CHAIN
186,Resin,0,Nine West NEW Cashmere Pink Satin Ruffle Clutch Crossbody Bag Purse $69- #062
187,Resin,0,NWT COCO CHANEL Suite 202 Evening Bag Clutch
188,Resin,0,KATE SPADE Leaf Cherry Terrace Micha Ladybug Shoulder Bag Crossbody Purse NWT
189,Resin,0,NWT Kate Spade Blue Glitter Patent AMY Crossbody Bag & Matching Card Wallet $173
190,Resin,0,NWT Kate Spade Breath of Fresh Air Jeweled Lime Clutch Bag Purse $348 NEW
191,Resin,0,"Wallets Clutches ""Handmade Africa"" Beaded bags Wooden & Resin Beads Multi-Colors"
192,Resin,0,Nine West NEW Cashmere Pink Satin Ruffle Clutch Crossbody Bag Purse $69- #014
193,Resin,0,Beach Bag
194,Resin,0,New Womens Handbags Leather Satchel Tote Bag Shoulder Bag Medium Purse
195,Resin,0,NWT Coach Mini Bennett Purse Gold Bag Charm Keychain Key Ring F35134
196,Resin,0,SALVATORE FERRAGAMO HANDBAG - BLACK FELT & RESIN SHOULDER BAG PURSE
197,Resin,0,Kate Spade Steal The Spotlight Striped Black&White Ornament Clutch Bag Purse NWT
198,Resin,0,Pearl White Resin Box Cruise Clutch Bag
199,Resin,0,Tory Burch Handbag Frete Clutch Bag/Minaudi√®re in Orange or Navy-NWT-RP: $435
200,Jute,1,ARBONNE Tote Bag
201,Jute,1,TROPICAL FLOWER & FLAMINGO TOTE BAG WITH  ZIP POUCH SET ~ BEACH / SHOPPING ~ NEW
202,Jute,1,ARBONNE Tote Bag
203,Jute,1,25 50 100 Wedding Hessian Burlap Jute Favour Gift Bags Jewelry Drawstring Pouch
204,Jute,1,25 50 100 Wedding Hessian Burlap Jute Favour Gift Bags Jewelry Drawstring Pouch
205,Jute,1,25/50/100x Burlap Wedding Favor Bags Natural Line Jewelry Pouches Jute Gift Bag
206,Jute,1,100 50 25 Natural Jute Hessian Drawstring Pouch Burlap Wedding Favor Gift Bags
207,Jute,1,New Easter Bags Easter Bunny Ear Basket Jute Burlap Party Gifts/Eggs Bag
208,Jute,1,25 50 100 Wedding Hessian Burlap Jute Favour Gift Bags Jewelry Drawstring Pouch
209,Jute,1,100 50 25 Natural Jute Hessian Drawstring Pouch Burlap Wedding Favor Gift Bags
210,Jute,1,100 50 25 Natural Jute Hessian Drawstring Pouch Burlap Wedding Favor Gift Bags
211,Jute,1,25/50/100x Burlap Wedding Favor Bags Natural Line Jewelry Pouches Jute Gift Bag
212,Jute,1,Vintage Straw Jute Market Bag Tote with Leather Straps Great Condition
213,Jute,1,Green Happy Summer Glitter Mermaid Design Large Tote Bag Shopper Canvas  Purse
214,Jute,1,"Patricia Nash Maya Medium Tote Bag / Shoulder Bag $199, Black / White"
215,Jute,1,NEW Acme Feed & Seed Jute Tote Bag Gift for Women Made in Nashville
216,Jute,1,Tote Bag BURLAP JUTE Beige Tan INNER POCKET Coated Lining BEACH SHOPPING
217,Jute,1,NWOT THE BEACH PEOPLE LEATHER HANDLE JUTE BURLAP SHOPPER MARKET TOTE PURSE BAG
218,Jute,1,25/50/100x Burlap Wedding Favor Bags Natural Line Jewelry Pouches Jute Gift Bag
219,Jute,1,CleverDelights Burlap Bags with Natural Jute Drawstring - 6 Pk Large Pouch Sack
220,Jute,1,Tote Bag BURLAP JUTE Emerald Green INNER POCKET Coated Lining BEACH SHOPPING
221,Jute,1,LOT of 12!-5x7 burlap Linen Bags with JUTE string Pouch wedding party favor COOL
222,Jute,1,25 50 100 Wedding Hessian Burlap Jute Favour Gift Bags Jewelry Drawstring Pouch
223,Jute,1,Mud Pie Color Block Jute Tote / Bag / Beach Bag / Purse You Choose !!!
224,Jute,1,SHIRALEAH Juanita Tote Handbag Shopper Beach Bag  in Pink CHA CHA CHA ~ New
225,Jute,1,Women Jute Shoulder Handbag Tote Bag for Travel Beach Park Grocery Shopping Navy
226,Jute,1,BUNNY EAR SOLID COLOR TOTE BAG HANDBAG CANVAS JUTE BURLAP CRAFT PERSONALIZE GIFT
227,Jute,1,Mud Pie E7 Women's Fashion Shimmer Juco Jute Tote Beach Bag 8613283
228,Jute,1,"Jute Tote Bag w/Leather Handles ~ Burlap Purse, Handbag, Choice of Four Colors"
229,Jute,1,Vintage Blue & Natural Striped Woven Jute Purse Shoulder Tote Bag
230,Jute,1,Mud Pie Anchor Nautical Dazzle Sequin Jute Tote /Beach Bag / Shopper / Purse
231,Jute,1,Unicorn Or Princess Sequin Sparkle Dazzle  Girls Jute Totes Bags  by Mud Pie
232,Jute,1,Vintage Woven Hemp Straw Basket Shoulder Bag Satchel Hobo Tote w/ Leather Straps
233,Jute,1,Mud Pie Shoreline Jute Tote Bag - Beach / Market / Overnight Huge !!!  4 Designs
234,Jute,1,Mud Pie E7 Women's Fashion Shimmer Juco Jute Tote Beach Bag 8613283
235,Jute,1,"Tassel ""Vaughn"" Cotton Jute Woven Clutch Bag Purse  Half Moon,  by Shiraleah"
236,Jute,1,"SALE  Mud Pie Tropical Dazzle Sequin Jute Tote /Beach Bag Flamingo, Pineapple"
237,Jute,1,Vintage 80s Woven Straw Jute Straw Leather Strap Boho Market Bag Purse
238,Jute,1,Vintage Macrame Woven Purse Tote Bag Boho Hippie Handbag Leather Strap Jute?
239,Jute,1,SAKROOTS CROSSBODY MESSENGER ARTIST CIRCLE PEACE FLORAL SHOULDER BAG
240,Jute,1,ETIENNE AIGNER Tan Faux Leather and Woven Jute Purse Bag w/additional Strap(PB7)
241,Jute,1,Anthropologie Shiraleah MIRABEL Large Woven Jute w/ Colorful Fabric Tote Bag NWT
242,Jute,1,VINTAGE Tan Jute Canvas Leather Wood Carved African Animal Market Bag Tote Purse
243,Jute,1,Anthropologie Shiraleah Braided MARINELLA Jute Zipper Clutch Bag w/ Tassel NWT
244,Jute,1,Jute Blue Tote Bag Sea Shell Extra Large White Clutch Set 2 Beach Towel Summer
245,Jute,1,TROPICAL TOUCAN BIRD BIG TOTE BAG WITH MATCHING ZIP POUCH ~BEACH / SHOPPING ~NEW
246,Jute,1,NEW BRAND NAMES CANVAS/COTTON/ORGANIC COTTON/BURLAP S/M/L/XL TOTE BAGS
247,Jute,1,Unicorn Or Princess Sequin Sparkle Dazzle  Girls Jute Totes Bags  by Mud Pie
248,Jute,1,"NEW! Champagne Shimmer Tote Bag, Beach Tote, Traveling, Bag"
249,Jute,1,NEW MUD PIE LARGE SOLID JUTE BEIGE TOTE BAG
250,Jute,1,"Mud Pie Ocean Dazzle Sequin Anchor, Coral, Crab Jute Case Carry-All Bag   Choose"
251,Jute,1,Pink Flamingo Jute Tote Bag Jumbo Beach Gym Travel Tropical
252,Jute,1,Buckhead Betties Large Jute Tote Shopping Beach Bag Orange Green Black Pink NWT
253,Jute,1,Mud Pie E8 Women‚Äôs Natural & Black Initial Canvas Tote Bag - Choose Letter
254,Jute,1,Strada Jute Straw Handbag Natural Teal Blue Trim Braided Shoulder Satchel Bag
255,Jute,1,BUNNY EAR SOLID COLOR TOTE BAG HANDBAG CANVAS JUTE BURLAP CRAFT PERSONALIZE GIFT
256,Jute,1,IZOD Green Canvas Leather Tote Bag Purse Handbag
257,Jute,1,Mud Pie E7 Women's Beach Fashion Daytripper Jute Cotton Tote Bag
258,Jute,1,Shopping Tote 100% Jute Large Brown Burlap Bag Black Compass Print Purse Travel
259,Jute,1,BUNNY EAR SOLID COLOR TOTE BAG HANDBAG CANVAS JUTE BURLAP CRAFT PERSONALIZE GIFT
260,Jute,1,25 50 100 Wedding Hessian Burlap Jute Favour Gift Bags Jewelry Drawstring Pouch
261,Jute,1,25 50 100 Wedding Hessian Burlap Jute Favour Gift Bags Jewelry Drawstring Pouch
262,Jute,1,Easter Egg Basket Holiday Rabbit Bunny Printed Canvas Gift Carry Eggs Candy Bag
263,Jute,1,100 50 25 Natural Jute Hessian Drawstring Pouch Burlap Wedding Favor Gift Bags
264,Jute,1,25 50 100 Wedding Hessian Burlap Jute Favour Gift Bags Jewelry Drawstring Pouch
265,Jute,1,100 50 25 Natural Jute Hessian Drawstring Pouch Burlap Wedding Favor Gift Bags
266,Jute,1,25/50/100x Burlap Wedding Favor Bags Natural Line Jewelry Pouches Jute Gift Bag
267,Jute,1,New Easter Bags Easter Bunny Ear Basket Jute Burlap Party Gifts/Eggs Bag
268,Jute,1,25 50 100 Wedding Hessian Burlap Jute Favour Gift Bags Jewelry Drawstring Pouch
269,Jute,1,25/50/100x Burlap Wedding Favor Bags Natural Line Jewelry Pouches Jute Gift Bag
270,Jute,1,BUNNY EAR SOLID COLOR TOTE BAG HANDBAG CANVAS JUTE BURLAP CRAFT PERSONALIZE GIFT
271,Jute,1,"Jute Tote Bag w/Leather Handles ~ Burlap Purse, Handbag, Choice of Four Colors"
272,Jute,1,100 50 25 Natural Jute Hessian Drawstring Pouch Burlap Wedding Favor Gift Bags
273,Jute,1,Mud Pie Color Block Jute Tote / Bag / Beach Bag / Purse You Choose !!!
274,Jute,1,Mud Pie Anchor Nautical Dazzle Sequin Jute Tote /Beach Bag / Shopper / Purse
275,Jute,1,Mud Pie Shoreline Jute Tote Bag - Beach / Market / Overnight Huge !!!  4 Designs
276,Jute,1,"SALE  Mud Pie Tropical Dazzle Sequin Jute Tote /Beach Bag Flamingo, Pineapple"
277,Jute,1,Murval French Leopard Print Jute Burlap Leather Tote Bag Chic Purse
278,Jute,1,Mud Pie Nautical Jute Zipper Pouch Catchall Cosmetic Case Bag Beach Tech Travel
279,Jute,1,Mud Pie Mudpie P- Initial Personalized Black and Tan Canvas Tote Bag 501115
280,Jute,1,Fossil Women's Maya Crossbody Leather Cross Body Bag
281,Jute,1,BUNNY EAR SOLID COLOR TOTE BAG HANDBAG CANVAS JUTE BURLAP CRAFT PERSONALIZE GIFT
282,Jute,1,"Personalized Monogrammed Jute Tote Bag - Bridesmaid, Sorority, Graduation"
283,Jute,1,Sakroots Peace Satchel Multicolor Sequined Handbag Purse Tote Bag Peace Signs
284,Jute,1,"Personalized Monogrammed Jute Tote Bag - Bridesmaid, Sorority, Graduation"
285,Jute,1,Vintage Market Bag Sisal Jute Tote Bag Purse Leather Straps Shopper Boho
286,Jute,1,Mud Pie E8 Women‚Äôs Natural & Black Initial Canvas Tote Bag - Choose Letter
287,Jute,1,"GORGEOUS ""Val"" Cotton Jute Woven Clutch Bag Black or Ivory White by Shiraleah"
288,Jute,1,Vintage Boho African Jute Sisal Embossed Leather Market Bag Basket Purse ZipTop
289,Jute,1,25 50 100 Wedding Hessian Burlap Jute Favour Gift Bags Jewelry Drawstring Pouch
290,Jute,1,25/50/100x Burlap Wedding Favor Bags Natural Line Jewelry Pouches Jute Gift Bag
291,Jute,1,100 50 25 Natural Jute Hessian Drawstring Pouch Burlap Wedding Favor Gift Bags
292,Jute,1,BUNNY EAR SOLID COLOR TOTE BAG HANDBAG CANVAS JUTE BURLAP CRAFT PERSONALIZE GIFT
293,Jute,1,BUNNY EAR SOLID COLOR TOTE BAG HANDBAG CANVAS JUTE BURLAP CRAFT PERSONALIZE GIFT
294,Jute,1,25 50 100 Wedding Hessian Burlap Jute Favour Gift Bags Jewelry Drawstring Pouch
295,Jute,1,25 50 100 Wedding Hessian Burlap Jute Favour Gift Bags Jewelry Drawstring Pouch
296,Jute,1,25 50 100 Wedding Hessian Burlap Jute Favour Gift Bags Jewelry Drawstring Pouch
297,Jute,1,25 50 100 Wedding Hessian Burlap Jute Favour Gift Bags Jewelry Drawstring Pouch
298,Jute,1,25 50 100 Wedding Hessian Burlap Jute Favour Gift Bags Jewelry Drawstring Pouch
299,Jute,1,25 50 100 Wedding Hessian Burlap Jute Favour Gift Bags Jewelry Drawstring Pouch
300,Paper,1,Women's Summer Floppy Straw Sun Hat and Beach Tote Bag Set
301,Paper,1,ROCK PAPER SCISSORS (R.P.S.) Brown Leather Convertible Backpack/Shoulder Bag
302,Paper,1,"*Set of 5* Henri Bendel New York Shopping Bag 16 x 12 x 6"" Brand New"
303,Paper,1,Women's Summer Floppy Straw Sun Hat and Beach Tote Bag Set
304,Paper,1,Vogue Womens Girl Summer Paper Straw Large Tote Bag Beach Shoulder Bag Handbag
305,Paper,1,J Crew Straw Tote Bag
306,Paper,1,Fashion Women's Handbag Shoulder Bag Messenger Hobo Bag Satchel Purse Tote
307,Paper,1,LOT OF 100 PAPER GIFT BAGS  & JEWELRY BAGS - 5 COLORS AND 4 SIZES
308,Paper,1,Lot of Brown Kraft Paper Bags for Jewelry Candy Party Favors Merchandising
309,Paper,1,LOT OF 100 GIFT BAGS STORE BAGS MERCHANDISE BAGS CHEVRON PRINTED JEWELRY BAGS
310,Paper,1,Lot of Brown Kraft Paper Bags for Jewelry Candy Party Favors Merchandising
311,Paper,1,"Fortnite Balloons, Decorations, Fortnite Party Favors, Goody Bags, Gifts"
312,Paper,1,Kraft Paper Bags Gift Bags SMALL Colorful Solid Matte Colors Party Candy Bags
313,Paper,1,LACE KRAFT Design Print Flat Paper Merchandise Bags Choose Size & Package Amount
314,Paper,1,New Lot of 2 Vera Bradley 16‚Äùx19‚Äùx6‚Äù Floral Paper Shopping GIFT Bag
315,Paper,1,Kraft Paper Bags Gift Bags SMALL Colorful Solid Matte Colors Party Candy Bags
316,Paper,1,LOT OF 100 PAPER GIFT BAGS  & JEWELRY BAGS - 3 COLORS AND 2 SIZES
317,Paper,1,TORY BURCH Gift Store Paper Shopping Bags Medium-12x16 small- 9x12
318,Paper,1,LOT OF 100 WHITE BAGS STORE BAGS MERCHANDISE BAGS PAPER BAGS JEWELRY BAGS
319,Paper,1,TORY BURCH Gift Store Paper Shopping Bags Medium-12x16 small- 9x12
320,Paper,1,Classic¬†Economical Popcorn Bags MADE IN USA Retro Movie Night Paper Snack Sacks
321,Paper,1,Kraft Paper Bags Gift Bags SMALL Colorful Solid Matte Colors Party Candy Bags
322,Paper,1,"TIFFANY & Co. Blue Paper Shopping Gift Bag ~ 8"" x 10"" x 5"" ~ NEW"
323,Paper,1,LOT OF 100 PAPER GIFT BAGS  & JEWELRY BAGS - 5 COLORS AND 4 SIZES
324,Paper,1,100 Laser Cut Candle Candy Boxes Christmas Wedding Party Favor Gift Box Wrap Bag
325,Paper,1,LOT OF 100 GIFT BAGS STORE BAGS MERCHANDISE BAGS CHEVRON PRINTED JEWELRY BAGS
326,Paper,1,"White Kraft Paper Gift Bags Bulk with Handles 100Pc [ Ideal for Shopping,..."
327,Paper,1,TORY BURCH Gift Store Paper Shopping Bags Medium-12x16 small- 9x12
328,Paper,1,Womens Canvas Handbag Shoulder Bags Tote Purse Travel Large Messenger Hobo US
329,Paper,1,LOT OF 100 GIFT BAGS STORE BAGS MERCHANDISE BAGS PAPER BAGS JEWELRY LEOPARD BAGS
330,Paper,1,Resealable Kraft Paper Zipper Pouch Bags Food Storage Bags Smell Proof Pouches
331,Paper,1,8 x 5 x 10 Kraft Brown Paper Cub Shopping Gift Bags with Rope Handles x 50 pcs
332,Paper,1,"8X10X4"" - 100 Pcs - Brown Kraft Paper Bags with Handles, Birthday Parties,..."
333,Paper,1,5.5 x 3.25 x 8.5 Small Kraft Brown Paper Shopping Gift Bags with Rope Handles
334,Paper,1,LOT OF 100 KRAFT GIFT BAGS STORE BAGS MERCHANDISE BAGS PAPER BAGS JEWELRY BAGS
335,Paper,1,Lot of Brown Kraft Paper Bags for Jewelry Candy Party Favors Merchandising
336,Paper,1,5.5 x 3.25 x 8.5 Small Kraft Brown Paper Shopping Gift Bags with Rope Handles
337,Paper,1,"8""x4.75""x10"" - 50 Count - White Kraft Paper Bags - Shopping, Party, Restaurant"
338,Paper,1,Brown Kraft Paper Bags Jewelry Candy Party Favors Gift Merchandising Grocery Bag
339,Paper,1,Chanel Black Paper Shopping Gift Bags Brand New
340,Paper,1,"12pc Bright Neon GIFT Bags Colorful Paper Bags Small, Medium, Large"
341,Paper,1,"DSW Large Multi Colored Lined Straw Beach Tote Bag 22"" L x 14.5"" W x 6"" D ~ New"
342,Paper,1,ANTHROPOLOGIE: SMALL PAPER SHOPPING / GIFT BAGS
343,Paper,1,ANTHROPOLOGIE: SMALL PAPER SHOPPING / GIFT BAGS
344,Paper,1,Kraft Paper Favor Bags - Different Sizes & Patterns - Cookie Treat Candy Buffet
345,Paper,1,NWT Merona straw faux leather tote bag purse beach white/tan/back pompoms large
346,Paper,1,STONE MOUNTAIN MULTI COLOR PAPER STRAW OFF WHITE FAUX LEATHER SHOULDER BAG TOTE
347,Paper,1,100 Laser Cut Candle Candy Boxes Christmas Wedding Party Favor Gift Box Wrap Bag
348,Paper,1,Authentic New Brown Paper Gucci Gift Bag
349,Paper,1,"8X10X4"" - 100 Pcs - Brown Kraft Paper Bags with Handles, Birthday Parties,..."
350,Paper,1,Kraft Paper Bags Gift Bags SMALL Colorful Solid Matte Colors Party Candy Bags
351,Paper,1,3D Jump Style 2D Drawing From Cartoon Paper Shoulder Bag Comic Backpack Bookbag
352,Paper,1,LOT OF 100 GIFT BAGS STORE BAGS MERCHANDISE BAGS PAPER BAGS JEWELRY LEOPARD BAGS
353,Paper,1,Straw Retro Bag Rattan Woven Round Handbag Bohemia Knitted Messenger Purse Beach
354,Paper,1,3D Jump Style 2D Drawing From Cartoon Paper Shoulder Bag Comic Backpack Bookbag
355,Paper,1,"100 Popcorn Serving Bags, 'Small' Standalone Flat Bottom Paper Bag Style"
356,Paper,1,3D Jump Style 2D Drawing From Cartoon Paper Shoulder Bag Comic Backpack Bookbag
357,Paper,1,3D Jump Style 2D Drawing From Cartoon Paper Shoulder Bag Comic Backpack Bookbag
358,Paper,1,LOT OF 100 DAMASK PRINT JEWELRY BAGS STORE BAGS MERCHANDISE BAGS <DEAL>
359,Paper,1,Women's Summer Floppy Straw Sun Hat and Beach Tote Bag Set
360,Paper,1,Lot of Brown Kraft Paper Bags for Jewelry Candy Party Favors Merchandising
361,Paper,1,LOT OF 100 PAPER GIFT BAGS  & JEWELRY BAGS - 5 COLORS AND 4 SIZES
362,Paper,1,Lot of Brown Kraft Paper Bags for Jewelry Candy Party Favors Merchandising
363,Paper,1,LOT OF 100 GIFT BAGS STORE BAGS MERCHANDISE BAGS CHEVRON PRINTED JEWELRY BAGS
364,Paper,1,LOT OF 100 WHITE BAGS STORE BAGS MERCHANDISE BAGS PAPER BAGS JEWELRY BAGS
365,Paper,1,LOT OF 100 PAPER GIFT BAGS  & JEWELRY BAGS - 3 COLORS AND 2 SIZES
366,Paper,1,Lot of Brown Kraft Paper Bags for Jewelry Candy Party Favors Merchandising
367,Paper,1,LOT OF 100 KRAFT GIFT BAGS STORE BAGS MERCHANDISE BAGS PAPER BAGS JEWELRY BAGS
368,Paper,1,LOT OF 100 GIFT BAGS STORE BAGS MERCHANDISE BAGS PAPER BAGS JEWELRY LEOPARD BAGS
369,Paper,1,Resealable Kraft Paper Zipper Pouch Bags Food Storage Bags Smell Proof Pouches
370,Paper,1,Kraft Paper Bags Gift Bags SMALL Colorful Solid Matte Colors Party Candy Bags
371,Paper,1,100 Laser Cut Candle Candy Boxes Christmas Wedding Party Favor Gift Box Wrap Bag
372,Paper,1,100 Laser Cut Candle Candy Boxes Christmas Wedding Party Favor Gift Box Wrap Bag
373,Paper,1,Kraft Paper Bags Gift Bags SMALL Colorful Solid Matte Colors Party Candy Bags
374,Paper,1,LOT OF 100 GIFT BAGS STORE BAGS MERCHANDISE BAGS CHEVRON PRINTED JEWELRY BAGS
375,Paper,1,"12pc Bright Neon GIFT Bags Colorful Paper Bags Small, Medium, Large"
376,Paper,1,5.5 x 3.25 x 8.5 Small Kraft Brown Paper Shopping Gift Bags with Rope Handles
377,Paper,1,Classic¬†Economical Popcorn Bags MADE IN USA Retro Movie Night Paper Snack Sacks
378,Paper,1,Women's Summer Floppy Straw Sun Hat and Beach Tote Bag Set
379,Paper,1,Beach Bags - Large Summer Tote Bags with Zipper Closure Shoulder Bag For Women
380,Paper,1,Beach Bags - Large Summer Tote Bags with Zipper Closure Shoulder Bag For Women
381,Paper,1,Women's Summer Floppy Straw Sun Hat and Beach Tote Bag Set
382,Paper,1,Allgala 12 Pack Wine Bottle Gift Bags
383,Paper,1,Waist Fanny Pack Belt Bag Pouch Travel Sport Hip Purse Mens Womens UNISEX
384,Paper,1,Classic¬†Economical Popcorn Bags MADE IN USA Retro Movie Night Paper Snack Sacks
385,Paper,1,Lot of Brown Kraft Paper Bags for Jewelry Candy Party Favors Merchandising
386,Paper,1,TORY BURCH: Paper Shopping Bag
387,Paper,1,Classic¬†Economical Popcorn Bags MADE IN USA Retro Movie Night Paper Snack Sacks
388,Paper,1,Straw Retro Bag Rattan Woven Round Handbag Bohemia Knitted Messenger Purse Beach
389,Paper,1,LOT OF 100 DAMASK PRINT JEWELRY BAGS STORE BAGS MERCHANDISE BAGS <DEAL>
390,Paper,1,Lot of Brown Kraft Paper Bags for Jewelry Candy Party Favors Merchandising
391,Paper,1,LOT OF 100 PAPER GIFT BAGS  & JEWELRY BAGS - 5 COLORS AND 4 SIZES
392,Paper,1,LOT OF 100 PAPER GIFT BAGS  & JEWELRY BAGS - 5 COLORS AND 4 SIZES
393,Paper,1,LOT OF 100 PAPER GIFT BAGS  & JEWELRY BAGS - 5 COLORS AND 4 SIZES
394,Paper,1,LOT OF 100 GIFT BAGS STORE BAGS MERCHANDISE BAGS CHEVRON PRINTED JEWELRY BAGS
395,Paper,1,Lot of Brown Kraft Paper Bags for Jewelry Candy Party Favors Merchandising
396,Paper,1,LOT OF 100 PAPER GIFT BAGS  & JEWELRY BAGS - 5 COLORS AND 4 SIZES
397,Paper,1,LOT OF 100 PAPER GIFT BAGS  & JEWELRY BAGS - 5 COLORS AND 4 SIZES
398,Paper,1,LOT OF 100 PAPER GIFT BAGS  & JEWELRY BAGS - 5 COLORS AND 4 SIZES
399,Paper,1,LOT OF 100 PAPER GIFT BAGS  & JEWELRY BAGS - 5 COLORS AND 4 SIZES
